Use Fastdelivery;
INSERT INTO PERSONA (DNI, email, nombre, apellido, telefono, contrasena, usuario)
VALUES ('00765835D', 'lomejor25@yahoo.com', 'Ambrosio', 'Gimenez', '645202098', 'password123', 'cliente'),
       ('00785378Y', 'mariobros10@gmail.com', 'Pedro', 'Bros', '640919128', 'password123', 'repartidor'),
       ('02837654B', 'madrid@gmail.com', 'Sonia', 'Bros', '645202098', 'madrid2023', 'repartidor'),
       ('02876444D', 'PEREZ@GMAIL.COM', 'Purificacion', 'Bros', '645202098', 'password123','cliente' ),
       ('03888034R', 'clave22@gmail.com', 'Ambrosio', N'Bros', '645202098', 'password123', 'cliente'),
       ('04611222G', 'PALABRASDEBILES@GMAIL.COM', 'Armando', 'Luis', '650009191', 'Palabras10', 'repartidor'),
       ('04654999M', 'PALABRASDEBILES1@GMAIL.COM', 'Ambrosio', 'Bros', '645202098', 'lopez2525', 'cliente'),
       ('05089543J', 'canino20@gmail.com', 'Carmen', 'Sanz', '917265435', 'sanz1960', 'cliente'),
       ('08911735J', 'PALABRASDEBILES2@GMAIL.COM', 'Ambrosio', 'Bros', '654977781', 'NUMERO10', 'cliente'),
       ('09865345Q', 'PALABRASDEBILES3@GMAIL.COM', 'Pablo', 'Gonzalez', '670546342', 'password123', 'cliente'),
       ('10108711N', 'paris2023@gmail.com', 'Carmen', 'Ruiz', '645202098', 'password123', 'repartidor'),
       ('10267456S', 'mariog@gmail.com', 'Mario', 'Bros', '964027466', '2020', 'cliente'),
       ('10654980W', 'ALONSO1234@HOTMAIL.COM', 'Luis Pedro', 'Perez', '645202098', 'password123', 'cliente'),
       ('10726534M', 'PALABRASDEBILES4@GMAIL.COM', 'Paolo', 'Sanchez', '980667281', 'password123', 'cliente'),
       ('10765424Y', 'arosa@gmail.com', 'Mª Inmaculada', 'Ambrosio', '678919191', 'LONDRES', 'repartidor'),
       ('10987222H', 'PALABRASDEBILES5@GMAIL.COM', 'Alejandro', 'Pez', '657918722', 'password123', 'repartidor'),
       ('19007843L', 'toño@gmail.com', 'Toño', 'Garcia', '640902876', 'correeo11', 'admin'),
       ('20878837Ñ', 'lulu2@yahoo.com', 'Teresa', 'Suarez-Perez', '689205630', 'password123', 'admin'),
       ('20980002K', 'stock19@gmail.com', 'Luis', 'Rodriguez', '677202827', 'password123', 'admin'),
       ('20981762J', 'aleron@gmail.com', 'Ambrosio', 'Bros', '645202098', 'password123', 'cliente'),
       ('29567489I', 'malito@gmail.com', 'Ruben', 'Col', '658002836', 'malito', 'cliente'),
       ('30980002O', '2920s@hotmail.com', 'Lucia', 'Bros', '652909076', 'lucia2828', 'cliente'),
       ('50984222T', 'opticagafas@gmail.com', 'Jose Fernando', 'Sanz', '633404098', 'password123', 'repartidor'),
       ('56890323O', 'PALABRASDEBILES6@GMAIL.COM', 'Ambrosio', 'Bros', '677202918', 'NADA24', 'cliente'),
       ('80976444A', 'PALABRASDEBILES7@GMAIL.COM', 'Luisa', 'Martin-Martin', '627536540', 'AnaLopez', 'cliente'),
       ('89032776Q', 'tele5@gmail.com', 'Felix', 'Yugo', '653212930', 'password123', 'admin'),
       ('H0028700M', 'PALABRASDEBILES8@GMAIL.COM', 'Saul Pablo', 'Gonzalez', '917680034', 'saul1980', 'admin'),
       ('M0026541H', 'lulu@gmail.com', 'Maria del Pilar', 'Pineda', '917825342', 'password123', 'repartidor'),
       ('P2009776S', 'alberto.caen.1@gmail.com', 'Mª del Rosario', 'Pelaez', '672009176', 'password123', 'cliente'),
       ('P2098654F', 'lucero@gmail.com', 'Salvador', 'Lucero', '611203876', 'lucero', 'repartidor'),
       ('P3876334S', 'tusivales19@hotmail.com', 'Amparo', 'Turin', '917863542', 'password123', 'cliente'),
       ('R2980277Q', 'tiendarolex1950@gmail.com', 'Sofia', 'Garcia', '916542300', 'password123', 'repartidor'),
       ('R9765432P', 'LORO1919@GMAIL.COM', 'Lorena Manuela', 'Solis', '610292827', 'loro1919', 'admin'),
       ('S9202003B', 'palabrasimple@gmail.com', 'Paula', 'Hernandez', '674818120', 'password123', 'admin'),
       ('X2567980A', 'INDICE90@GMAIL.COM', 'Helena', 'Pozo', '678367481', 'indice', 'admin');



-- Datos de ejemplo para la tabla ADMIN
INSERT INTO ADMIN (DNI_ADMIN)
VALUES ('19007843L'),
       ('20878837Ñ'),
       ('20980002K'),
       ('89032776Q'),
       ('H0028700M'),
       ('R9765432P'),
       ('S9202003B'),
       ('X2567980A');

-- Datos de ejemplo para la tabla VEHICULO
INSERT INTO VEHICULO (placa_vehiculo, marca, modelo, color, tipo)
VALUES ('0076GFI', 'YAMAHA', 'FZ1N', 'MORADA','MOTO'),
       ('0204KKK', 'MONTESA', 'COTA', 'MORADA', 'MOTO'),
       ('1010YYY', 'SUZUKI', 'VITARA', 'BLANCO', 'COCHE'),
       ('1111HDS', 'HONDA', 'JAZZ', 'GRIS', 'COCHE'),
       ('2456ROR', 'PORSCHE', 'DEPORTIVO 2.6', 'ROSA', 'COCHE'),
       ('2626ERT', 'ALFA ROMEO', 'STELVIO', 'NEGRO', 'COCHE'),
       ('2653JSP', 'RIEJU', 'TANGO 125', 'AMARILLA', 'MOTO'),
       ('2738WSS', 'VOLKSWAGEN', 'BERLINA 1.7', 'NEGRO', 'COCHE'),
       ('2929SST', 'RENAULT', 'LAGUNA', 'VERDE', 'COCHE'),
       ('3245MB', 'APRILIA', 'R125', 'BEIGE', 'MOTO'),
       ('3300BV', 'SUZUKI', 'YUMI', 'MORADO', 'COCHE'),
       ('3535PL', 'MORINI', 'REBELLO 1100', 'GRIS', 'MOTO'),
       ('3939TTT', 'OPEL', 'COTA', 'ROJA', 'MOTO'),
       ('4040TTT', 'NISSAN', 'COTA', 'MORADA', 'MOTO'),
       ('4545HJG', 'peugeot', 'belville', 'AZUL', 'MOTO'),
       ('5566PPP', 'KAWASAKI', 'VERSYS X 300', 'ROSA', 'MOTO'),
       ('6565BNM', 'HONDA', 'CIVIC', 'MARRON', 'MOTO'),
       ('6767WPO', 'toyota', 'lexus', 'MORADA', 'MOTO'),
       ('7453JJJ', 'DACIA', 'SANDERO 1.9 SPORT', 'NEGRO', 'COCHE'),
       ('7878RT', 'SUZUKI', 'VALENO 2.1', 'MORADA', 'MOTO'),
       ('7878VNV', 'VESPA', 'ELECTRICA', 'ROJO', 'MOTO'),
       ('8762LOO', 'ducati', '1100 diesel', 'ROJA', 'MOTO'),
       ('8787BVD', 'KAWASAKI', 'COTA', 'NEGRA', 'MOTO'),
       ('8787WQP', 'DACIA', 'LOGAN 2.0 BERLINA', 'MARRON', 'COCHE'),
       ('8888KLO', 'Royal Enfield', 'CLASSIC 350', 'MORADA', 'MOTO'),
       ('9898SST', 'FORD', 'ESCORT', 'AMARILLO', 'COCHE'),
       ('9933MNH', 'Mitsubishi ', 'ASK', 'VERDE', 'COCHE'),
       ('AL7878ER', 'BMW', 'C400', 'MORADA', 'MOTO'),
       ('B3434TR', 'RENAULT', '5', 'ROJO', 'COCHE'),
       ('BU7861', 'AUDI', 'A3', 'BLANCO', 'COCHE'),
       ('CO5656D', 'Mitsubishi ', '1.O DIESEL', 'GRANATE', 'COCHE'),
       ('M0202RR', 'RENAULT', '1.6 MEGANE', 'NEGRO', 'COCHE'),
       ('M1026BB', 'AUDI', 'A4', 'AZUL', 'COCHE'),
       ('M3967RT', 'NISSAN', '', 'MORADA', 'COCHE'),
       ('M4243OP', 'PIAGGIO', 'BEBERLY 300', 'MORADA', 'MOTO'),
       ('M9898E', 'RIEJU', 'CENTURY 125', 'NEGRA Y BLANCA', 'MOTO'),
       ('O462129', 'DUCATI', '1128', 'NEGRO', 'MOTO'),
       ('P34576W', 'SUZUKI', 'IGNIS', 'AZUL', 'MOTO'),
       ('S7878TH', 'HONDA', 'CRV 2.O', 'ROSA', 'COCHE'),
       ('T8786SV', 'CITROEN', 'C5 SPORT', 'MORADA', 'COCHE'),
       ('T8989SR', 'HONDA', 'CBR 50 CC', 'VERDE Y NEGRA', 'MOTO'),
       ('TO33333', 'SEAT', 'IBIZA', 'BLANCO', 'COCHE'),
       ('V9374DT', 'Keeway', 'RFK 125', 'MORADA', 'MOTO');

-- Datos de ejemplo para la tabla MOTO
INSERT INTO MOTO (placa_vehiculo, cilindrada)
VALUES ('0204KKK', 500),
       ('2653JSP', 125),
       ('3245MB', 125),
       ('3939TTT', 350),
       ('4545HJG', 650),
       ('5566PPP', 300),
       ('7878VNV', 130),
       ('8762LOO', 950),
       ('8787BVD', 900),
       ('8888KLO', 350),
       ('AL7878ER', 400),
       ('M9898E', 125),
       ('O462129', 450),
       ('T8989SR', 50),
       ('V9374DT', 125);

-- Datos de ejemplo para la tabla COCHE
INSERT INTO COCHE (placa_vehiculo, capacidad_carga, tipo_combustible)
VALUES ('1010YYY', 3000, 'GASOLINA'),
       ('1111HDS', 3590, 'DIESEL'),
       ('2456ROR', 4500, 'GASOLINA'),
       ('2626ERT', 3450, 'ELECTRICO'),
       ('2738WSS', 2500, 'DIESEL'),
       ('2929SST', 2000, 'GASOLINA'),
       ('3300BV', 2450, 'GASOLINA'),
       ('7453JJJ', 4505, 'DIESEL'),
       ('8787WQP', 3620, 'GASOLINA'),
       ('9898SST', 2584, 'GASOLINA'),
       ('9933MNH', 3500, 'ELECTRICO'),
       ('B3434TR', 2500, 'ELECTRICO'),
       ('BU7861', 3570, 'DIESEL'),
       ('CO5656D', 1550, 'GASOLINA'),
       ('M0202RR', 3000, 'DIESEL'),
       ('M1026BB', 1600, 'GASOLINA'),
       ('M3967RT', 3000, 'DIESEL'),
       ('S7878TH', 2750, 'GASOLINA'),
       ('T8786SV', 3800, 'ELECTRICO'),
       ('TO33333', 1690, 'GASOLINA');

#INSERT DE DATOS INIT DE REPARTIDOR
INSERT INTO REPARTIDOR (DNI_REPARTIDOR, calificacion, horario_trabajo, estado_de_disponibilidad, cantidad_pedidos,
                        placa_vehiculo)
VALUES ('00785378Y', 7, '10:00 a 17:00', 'Disponible', 1, '0204KKK'),
       ('02837654B', 6, '9:30 a 16:00', 'Disponible', 3, '1010YYY'),
       ('04611222G', 9, '9:30 a 16:00', 'Disponible', 0, '1111HDS'),
       ('10108711N', 6, '00:00 a 06:00', 'Disponible', 3, '2653JSP'),
       ('10765424Y', 7, '13:00 a 18:30', 'Disponible', 3, '2626ERT'),
       ('10987222H', 10, '9:30 a 16:00', 'Vacaciones', 0, 'TO33333'),
       ('50984222T', 6, '15:00 a 21:00', 'Disponible',0, '3245MB'),
       ('M0026541H', 8, '9:30 a 14:30', 'Disponible', 3, '4545HJG'),
       ('P2098654F', 6, '16:30 a 22:00', 'Disponible', 0, '2456ROR'),
       ('R2980277Q', 7, '9:30 a 16:00', 'Disponible', 2, '2738WSS');



-- Datos de ejemplo para la tabla CLIENTE
INSERT INTO CLIENTE (DNI_CLIENTE, direccion, ciudad, codigo_postal, cliente_pedido)
VALUES
       ('02837654B', 'Calle Sótano 2', 'Avila', '49080', '00785378Y'),
       ('03888034R', 'Calle Gran via,12', 'Madrid', '28000', '02837654B'),
       ('04611222G','Calle modistas', 'Madrid', '28038', '04611222G'),
       ('05089543J', 'Calle modistas', 'Madrid', '28187', '10108711N'),
       ('10765424Y', 'Calle modistas', 'Asturias', 'Madrid', '10765424Y'),
       ('10987222H', 'Calle Austria 34 Semisótano A', 'Ávila', 'Madrid', '10987222H'),
       ('20878837Ñ', 'Calle Duran, 34 Local', 'Barcelona','Madrid', '50984222T'),
       ('56890323O', 'Calle modistas', 'Madrid', '28060', 'M0026541H'),
       ('X2567980A', 'Calle Lopez de Hoyos 29', 'Madrid', '28045', 'R2980277Q');





-- Datos de ejemplo para la tabla PROVEEDOR
INSERT INTO PROVEEDOR (id_proveedor, nombre_empresa, telefono, email)
VALUES (1, 'Mahou', '917867263', 'mahou@gmail.com'),
       (2, 'Estrella Galicia', '648901783', 'estrellagalicia@gmail.com'),
       (3, 'Estrella Damm', '648901783', 'estrelladamm@hotmail.com'),
       (4, 'Cruzcampo', '912093837', 'cruzcampo@hotmail.com'),
       (5, 'Heineken', '674532344', 'heineken@gmail.com'),
       (6, 'Corona', '648901783', 'corona@gmail.com'),
       (7, 'Budweiser', '987654324', 'budweiser@hotmail.com'),
       (8, 'Anis', '980389786', 'anis@gmail.com'),
       (9, 'Licor 43', '620956432', 'licor@hotmail.com'),
       (10, 'Cinzano', '687935122', 'cinzano@gmail.com'),
       (11, 'Tequila', '648901783', 'tequila@gmail.com'),
       (12, 'Dom Pérignon', '645342311', 'domperignon@gmail.com'),
       (13, 'Carlsberg ', '654329000', 'carlsberg@gmail.com'),
       (14, 'Brandy Fundador', '554890897', 'emperador@hotmail.com'),
       (15, 'Guinness ', '689002665', 'ginness@gmail.com'),
       (16, 'Bacardi', '648901783', 'bacardi@hotmail.com'),
       (17, 'Smirnoff', '672121212', 'smirnoff@gmail.com'),
       (18, 'Baileys', '678002765', 'baileys@gmail.com'),
       (19, 'Johnnie Walker','648901783', 'jonniewalker@gmail.com'),
       (20, 'Ballantines', '645339898', 'ballantines@gmail.com'),
       (21, 'Jack Daniels ','648901783', 'jackdaniels@gmail.com'),
       (22, 'Smirnoff ', '809565432', 'smirnoff'),
       (23, 'Cacique', '648901783', 'cacique@gmail.com');

-- Datos de ejemplo para la tabla PRODUCTO
INSERT INTO PRODUCTO (id_producto, nombre, descripcion, precio, id_proveedor_producto, img)
VALUES (1, 'Mahou clasica',
        'De color dorado, aspecto brillante y cuerpo moderado, destaca por su sabor suave y buen equilibrio en boca. Su aroma es ligero afrutado, con tonos florales de lúpulo. Ingredientes agua, malta y lupulo',
        2.3, 1, '/uploads/Cerveza5Estrellas.jpg'),
       (2, 'Estrella Galicia Especial',
        'Cerveza de color dorado brillante que parte de una selección de maltas y lúpulo especialmente amargos . Alcohol 5,5%',
        1.2, 2, '/uploads/Cerveza5Estrellas.jpg'),
       (3, 'Cerveza 5 estrellas ',
        'Con un color dorado brillante, destaca por ser cremosa y consistente.  Alcohol: 5,5% vol.', 2, 3,
        '/uploads/Cerveza5Estrellas.jpg'),
       (4, 'Cerveza Negra', 'Una cerveza negra llena de sabor y carácter. Tiene entre entre 4 y 6 grados', 2.59, 4,
        '/uploads/Cerveza5Estrellas.jpg'),
       (5, 'Estrella Galica sin glutén',
        'Color dorado brillante se obtiene a través de la aplicación de una enzima que rompe la cadena de algunas proteínas durante el proceso productivo, entre ellas, el gluten. Alcohol 5,5%',
        0, 5, '/uploads/Cerveza5Estrellas.jpg'),
       (6, 'Whisky Blended Ballantine\'s 70 cl', 'Formato botella, 40% contenido de alcohol', 14.95, 6,
        '/uploads/Cerveza5Estrellas.jpg'),
       (7, 'Whisky escocés blended 10 años botella 70cl ',
        'Es un whisky escocés de mezcla, de refinado sabor.Porcentaje de alcohol: 40% vol.', 20.95, 7,
        '/uploads/Cerveza5Estrellas.jpg'),
       (8, 'Ballantines blue de 12 años',
        'Whisky escocés, de gran calidad, es una mezcla de whiskies de grano y malta especialmente seleccionados. Volumen: 70 cl. – 1L | Grado alcohólico: 40%',
        25.1, 8, '/uploads/Cerveza5Estrellas.jpg'),
       (9, 'Ballantine\'s 10 Year Old',
        'Es un whisky destilado que aúna la tradición de elaboración y envejecimiento escocesas con el universo del roble americano. Alcohol 40% vol.',
        21, 9, '/uploads/Cerveza5Estrellas.jpg'),
       (10, 'Licor 43 Original',
        'Bebida alcohólica obtenida del destilado.Graduación alcohólica del tequila entre 35 a 55% Alc', 13, 10,
        '/uploads/Cerveza5Estrellas.jpg'),
       (11, 'Mar de Frades - Licor de Hierbas - 700 ml', 'Sabor a Tomillo, te y Manzanilla. ', 17, 22,
        '/uploads/Cerveza5Estrellas.jpg'),
       (12, 'Licor De Hierbas Xantiamen - 1 botella de 70 cl', '', 20, 23, '/uploads/Cerveza5Estrellas.jpg'),
       (13, 'Cinzano Blanco', 'Graduación alcoholica 15% vol', 8.49, 10, '/uploads/Cerveza5Estrellas.jpg'),
       (14, 'Cinzano Rojo', 'Graduación alcoholica 16% vol', 8.49, 10, '//Cerveza5Estrellas.jpg'),
       (15, 'Cinzano Rosso', 'Origen de italia. Graduación alcoholica 15% vol', 6.63, 10,
        '/uploads/Cerveza5Estrellas.jpg'),
       (16, 'Tequila Volcan Cristalino', 'Elaborado mezclando añejo y extra-añejo. Graduación alcoholica 40% vol', 71,
        11, '/uploads/Cerveza5Estrellas.jpg'),
       (17, 'Champagne Dom Perignon Lady Gaga Brut 2010',
        'Champagne Dom Perignon Lady Gaga es una edición especial de la histórica marca Dom Perignon que rinde homenaje a la creatividad y el arte. Graduacion alcoholica 12.4%',
        362, 12, '/uploads/Cerveza5Estrellas.jpg'),
       (18, 'Licor de tequila', 'Alcohol y aroma. ', 14, 11, '/uploads/Cerveza5Estrellas.jpg'),
       (19, 'Bacardi Ron Gran Reserva ',
        'Bacardí 8 años es el ron oscuro más exclusivo, puesto que se ha envejecido en barriles de roble . Graduación alcoholica 40% vol',
        27, 16, '/uploads/Cerveza5Estrellas.jpg'),
       (20, 'BACARDI RESERVA LIMITADA EDICION NUEVA 1,00 LITRO ', 'Ron. Grados 40%', 63.68, 16,
        '/uploads/Cerveza5Estrellas.jpg'),
       (21, 'Smirnoff Ice Original', 'Vodka. Graduación alcoholica 40%', 10.95, 22, '/uploads/Cerveza5Estrellas.jpg'),
       (22, 'Smirnoff Vodka Triple Destilado - 0.7 L.', 'Original. Graduación alcoholica 5% vol. Color amarillo suave',
        17.91, 22, '/uploads/Cerveza5Estrellas.jpg'),
       (23, 'Cerveza Damm Daura sin gluten',
        'Daura como el sabor de "la cerveza de siempre", ya que se elabora con su principal ingrediente: malta de cebada. Ccontenido alcoholico 5,4%',
        3.5, 2, '/uploads/Cerveza5Estrellas.jpg'),
       (24, 'CHAMPAGNE DOM PÉRIGNON VINTAGE 2013 - EN ESTUCHE', 'Sabor vino espumoso. Graduacion alcoholica 12.5% vol',
        244, 12, '/uploads/Cerveza5Estrellas.jpg'),
       (25, 'STELLA ARTOIS', 'peculiar carácter y su inconfundible sabor. Graduación 5% vol', 1.27, 13,
        '/uploads/Cerveza5Estrellas.jpg'),
       (26, 'Fundador Triple Madera', 'Brandy Solera Gran Reserva. ', 0, 13, '/uploads/Cerveza5Estrellas.jpg'),
       (27, 'Fundador Sherry Cask Solera Brandy', 'Estilo único que no deja indiferente a nadie.', 15, 14,
        '/uploads/Cerveza5Estrellas.jpg'),
       (28, 'Johnnie Walker Blue Label Whisky ',
        'Exclusivo whisky escocés elaborado con algunos de los whiskies más excepcionales y singulares de Escocia.. Graduación alcoholica 40%',
        230, 19, '/uploads/Cerveza5Estrellas.jpg'),
       (29, 'John Walker & Sons Odyssey',
        'John Walker & Sons Odyssey es una celebración de los viajes épicos que emprendieron whiskies Johnnie Walker en los primeros años del siglo 20, mientras viajaban por el océano a todos los rincones del ',
        1426.8, 19, '/uploads/Cerveza5Estrellas.jpg'),  -- Corrected the id_proveedor_producto
       (30, 'Baileys Chocolat Luxe Cremas', '', 18.99, 18, 'uploads/Cerveza5Estrellas.jpg'),
       (31, 'Baileys Strawberries & Cream Cremas ', '', 21, 18, 'uploads/Cerveza5Estrellas.jpg'),
       (32, 'Ron 70 Cl Cacique 500 ',
        'Con un color marrón oscuro y denotaciones doradas, presenta un aspecto viscoso. Su aroma suave y dulce. Graduación alcoholica 40% vol ',
        28.4, 23, 'uploads/Cerveza5Estrellas.jpg'),
       (33, 'Cacique Añejo', 'Grado alcohólico: 37.5%|Tipo: Melaza', 0, 11, 'uploads/Cerveza5Estrellas.jpg'),
       (34, 'Cerveza Corona', 'Grado alcohólico: 4.6%|Tipo: Pale Lager|', 1.46, 6, 'uploads/Cerveza5Estrellas.jpg'),
       (35, 'Puerto de Indias Exótica Mora Blackberry', 'Grado alcohólico: 37.5%|Tipo: Premium. Variedad mora', 15.61,
        13, 'uploads/Cerveza5Estrellas.jpg'),
       (36, 'Puerto de Indias Strawberry The Proud Bottle', '', 15.4, 12, 'uploads/Cerveza5Estrellas.jpg'),
       (37, 'Cerveza Heineken 500 ml (24 ud)', 'Opciones de compra', 1.5, 5, 'uploads/Cerveza5Estrellas.jpg'),
       (38, 'Anís Del Mono Dulce', 'Aromas de anís. ', 7.9, 8, 'uploads/Cerveza5Estrellas.jpg'),
       (39, 'Anis Castellana', '', 10, 18, 'uploads/Cerveza5Estrellas.jpg'),
       (40, 'LICOR 43 OROCHATA 1,00 LITRO', 'Graduación alcoholica 16%', 14.33, 9, 'uploads/Cerveza5Estrellas.jpg'),
       (41, 'Jack Daniels Tennessee Whisky', 'Botella de 70 cl. Graduación alcohólica  40% vol', 22.5, 21,
        'uploads/Cerveza5Estrellas.jpg'),
       (42, 'Jack Daniels Tennessee Apple Whisky ', 'Graduación alcohólica 85% vol', 22.4, 21,
        'uploads/Cerveza5Estrellas.jpg');


-- Datos de ejemplo para la tabla PEDIDO_CLIENTE
INSERT INTO PEDIDO_CLIENTE (id_pedido_cliente, cantidad, fecha_pedido, peso, estado, dni_cliente_pedido,
                            dni_repartidor_pedido, id_producto)
VALUES (1, 10, '2024-06-01', 4, 'No Entregado', '02837654B', '00785378Y', 29),
       (2, 12, '2024-04-09', 2, 'Entregado', '03888034R', '02837654B', 1),
       (3, 6, '2024-05-07', 3, 'Entregado', '04611222G', '04611222G', 42),
       (4, 3, '2024-05-07', 2, 'Entregado', '05089543J', '10108711N', 32),
       (5, 5, '2024-06-01', 3, 'No Entregado', '10765424Y', '10765424Y', 18),
       (6, 6, '2024-04-09', 2, 'Entregado', '10987222H', '10987222H', 1),
       (7, 9, '2024-05-07', 2, 'Entregado', '20878837Ñ', '50984222T', 37),
       (8, 23, '2024-04-09', 1, 'Entregado', '56890323O', 'M0026541H', 2),
       (9, 8, '2024-04-09', 2, 'Entregado', 'X2567980A', 'R2980277Q', 11);

-- Datos de ejemplo para la tabla PEDIDO_PROVEEDOR
INSERT INTO PEDIDO_PROVEEDOR (id_pedido_proveedor, cantidad, fecha_pedido, estado, id_proveedor_pedido,
                              dni_admin_pedido)
VALUES (1, 100, '2023-12-08', 'Entregado', 21, '19007843L'),
       (2, 80, '2023-05-07', 'Entregado', 3, '19007843L'),
       (3, 50, '2023-05-07', 'Entregado', 1, '20878837Ñ'),
       (4, 2, '2023-05-07','Entregado' , 8, '20878837Ñ'),
       (5, 74, '2023-05-07', 'No Entregado', NULL, NULL),
       (6, 29, NULL, NULL, 9, NULL),
       (7, 11, '2023-04-22', 'Entregado', NULL, NULL),
       (8, 20, '2023-05-07', 'Entregado', 10, 'H0028700M'),
       (9, 57, NULL, NULL, 15, 'H0028700M'),
       (10, NULL, '2023-05-07', 'No Entregado', NULL, NULL),
       (11, 15, NULL, NULL, 16, '20980002K'),
       (12, NULL, '2023-03-27', 'Entregado', 12, '20980002K'),
       (13, 27, '2023-05-07', 'Entregado', 22, 'H0028700M'),
       (14, NULL, NULL, NULL, 8, NULL),
       (15, 36, '2023-03-30', 'No Entregado', 10, 'R9765432P'),
       (16, 49, NULL, NULL, 12, 'R9765432P'),
       (17, 102, '2023-01-04', 'No Entregado', 3, 'S9202003B'),
       (18, NULL, NULL, NULL, 2, 'X2567980A'),
       (19, NULL, '2023-05-01', 'Entregado', 5, NULL),
       (20, NULL, NULL, NULL, 11, 'X2567980A'),
       (21, NULL, '2023-05-07', 'Entregado', 15, 'R9765432P');

-- Datos de ejemplo para la tabla STOCK
INSERT INTO STOCK (id_stock, cantidad, fecha_ingreso, id_producto, DNI_ADMIN)
VALUES (1, 50, '2023-05-01', 1, '19007843L'),
       (2, 100, '2023-02-28', 2, '19007843L'),
       (3, 20, '2023-02-28', 3, '19007843L'),
       (4, 15, '2023-05-01', 4, '19007843L'),
       (5, 100, '2023-01-20', 5, '20878837Ñ'),
       (6, 120, '2023-05-07', 6, '20878837Ñ'),
       (7, 95, '2023-05-07', 7, '20878837Ñ'),
       (8, 90, '2023-03-17', 8, '20878837Ñ'),
       (9, 70, '2023-04-28', 9, '20980002K'),
       (10, 120, '2023-05-07', 10, '20980002K'),
       (11, 0, '2023-05-07', 11, NULL),
       (12, 9, '2023-05-07', 12, '20980002K'),
       (13, 380, '2023-05-07', 13, '20980002K'),
       (14, 76, '2023-03-21', 14, '89032776Q'),
       (15, 900, '2023-01-29',15, '89032776Q'),
       (16, 10, '2023-05-07', 16, '89032776Q'),
       (17, 17, '2023-05-07', 17, '89032776Q'),
       (18, 122, '2023-05-07', 18, 'H0028700M'),
       (19, 298, '2023-05-07', 19, 'R9765432P'),
       (20, 0, '2023-02-06', 20, NULL);

UPDATE producto
SET img = CONCAT('/static', img)
WHERE img LIKE '/uploads/%';
