
Use Fastdelivery;
INSERT INTO PERSONA (DNI, email, nombre, apellido, telefono, contrasena, usuario) VALUES
                                                                                      ('00765835D', 'lomejor25@yahoo.com', 'Ambrosio', 'Gimenez', '645202098', NULL, 'cliente'),
                                                                                      ('00785378Y', 'mariobros10@gmail.com', 'Pedro', 'Bros', '640919128', NULL, 'repartidor'),
                                                                                      ('02837654B', 'madrid@gmail.com', 'Sonia', NULL, NULL, 'madrid2023', 'repartidor'),
                                                                                      ('02876444D', 'PEREZ@GMAIL.COM', 'Purificacion', NULL, NULL, NULL, NULL),
                                                                                      ('03888034R', 'clave22@gmail.com', NULL, NULL, NULL, NULL, 'cliente'),
                                                                                      ('04611222G', 'PALABRASDEBILES@GMAIL.COM', 'Armando', 'Luis', '650009191', 'Palabras10', 'repartidor'),
                                                                                      ('04654999M', NULL, NULL, NULL, NULL, 'lopez2525', 'cliente'),
                                                                                      ('05089543J', 'canino20@gmail.com', 'Carmen', 'Sanz', '917265435', 'sanz1960', 'cliente'),
                                                                                      ('08911735J', NULL, NULL, NULL, '654977781', 'NUMERO10', NULL),
                                                                                      ('09865345Q', NULL, 'Pablo', 'Gonzalez', '670546342', NULL, 'cliente'),
                                                                                      ('10108711N', 'paris2023@gmail.com', 'Carmen', 'Ruiz', NULL, NULL, 'repartidor'),
                                                                                      ('10267456S', 'mariog@gmail.com', 'Mario', NULL, '964027466', '2020', 'cliente'),
                                                                                      ('10654980W', 'ALONSO1234@HOTMAIL.COM', 'Luis Pedro', 'Perez', NULL, NULL, NULL),
                                                                                      ('10726534M', NULL, 'Paolo', 'Sanchez', '980667281', NULL, 'cliente'),
                                                                                      ('10765424Y', 'arosa@gmail.com', 'Mª Inmaculada', NULL, '678919191', 'LONDRES', 'repartidor'),
                                                                                      ('10987222H', NULL, 'Alejandro', 'Pez', '657918722', NULL, 'repartidor'),
                                                                                      ('19007843L', 'toño@gmail.com', 'Toño', 'Garcia', '640902876', 'correeo11', 'admin'),
                                                                                      ('20878837Ñ', 'lulu2@yahoo.com', 'Teresa', 'Suarez-Perez', '689205630', NULL, 'admin'),
                                                                                      ('20980002K', 'stock19@gmail.com', 'Luis', 'Rodriguez', '677202827', NULL, 'admin'),
                                                                                      ('20981762J', 'aleron@gmail.com', 'Ambrosio', NULL, NULL, NULL, NULL),
                                                                                      ('29567489I', 'malito@gmail.com', 'Ruben', 'Col', '658002836', 'malito', 'cliente'),
                                                                                      ('30980002O', '2920s@hotmail.com', 'Lucia', NULL, '652909076', 'lucia2828', 'cliente'),
                                                                                      ('50984222T', 'opticagafas@gmail.com', 'Jose Fernando', 'Sanz', '633404098', NULL, 'repartidor'),
                                                                                      ('56890323O', NULL, NULL, NULL, '677202918', 'NADA24', NULL),
                                                                                      ('80976444A', NULL, 'Luisa', 'Martin-Martin', '627536540', 'AnaLopez', NULL),
                                                                                      ('89032776Q', 'tele5@gmail.com', 'Felix', 'Yugo', '653212930', NULL, 'admin'),
                                                                                      ('H0028700M', NULL, 'Saul Pablo', 'Gonzalez', '917680034', 'saul1980', 'admin'),
                                                                                      ('M0026541H', 'lulu@gmail.com', 'Maria del Pilar', 'Pineda', '917825342', NULL, 'repartidor'),
                                                                                      ('P2009776S', 'serio2089@hotmail.com', 'Mª del Rosario', 'Pelaez', '672009176', NULL, NULL),
                                                                                      ('P2098654F', 'lucero@gmail.com', 'Salvador', 'Lucero', '611203876', 'lucero', 'repartidor'),
                                                                                      ('P3876334S', 'tusivales19@hotmail.com', 'Amparo', 'Turin', '917863542', NULL, 'cliente'),
                                                                                      ('R2980277Q', 'tiendarolex1950@gmail.com', 'Sofia', 'Garcia', '916542300', NULL, 'repartidor'),
                                                                                      ('R9765432P', 'LORO1919@GMAIL.COM', 'Lorena Manuela', 'Solis', '610292827', 'loro1919', 'admin'),
                                                                                      ('S9202003B', 'palabrasimple@gmail.com', 'Paula', 'Hernandez', '674818120', NULL, 'admin'),
                                                                                      ('X2567980A', 'INDICE90@GMAIL.COM', 'Helena', 'Pozo', '678367481', 'indice', 'admin');

-- Datos de ejemplo para la tabla ADMIN
INSERT INTO ADMIN (DNI_ADMIN) VALUES
                                  ('19007843L'),
                                  ('20878837Ñ'),
                                  ('20980002K'),
                                  ('89032776Q'),
                                  ('H0028700M'),
                                  ('R9765432P'),
                                  ('S9202003B'),
                                  ('X2567980A');

-- Datos de ejemplo para la tabla VEHICULO
INSERT INTO VEHICULO (placa_vehiculo, marca, modelo, color, tipo) VALUES
                                                                      ('0076GFI', 'YAMAHA', 'FZ1N', NULL, NULL),
                                                                      ('0204KKK', 'MONTESA', 'COTA', 'MORADA', 'MOTO'),
                                                                      ('1010YYY', 'SUZUKI', 'VITARA', 'BLANCO', 'COCHE'),
                                                                      ('1111HDS', 'HONDA', 'JAZZ', 'GRIS', 'COCHE'),
                                                                      ('2456ROR', 'PORSCHE', 'DEPORTIVO 2.6', 'ROSA', 'COCHE'),
                                                                      ('2626ERT', 'ALFA ROMEO', 'STELVIO', 'NEGRO', 'COCHE'),
                                                                      ('2653JSP', 'RIEJU', 'TANGO 125', 'AMARILLA', 'MOTO'),
                                                                      ('2738WSS', 'VOLKSWAGEN', 'BERLINA 1.7', 'NEGRO', 'COCHE'),
                                                                      ('2929SST', 'RENAULT', 'LAGUNA', 'VERDE', 'COCHE'),
                                                                      ('3245MB', 'APRILIA', 'R125', 'BEIGE', 'MOTO'),
                                                                      ('3300BV', 'SUZUKI', 'YUMI', 'MORADO', 'COCHE'),
                                                                      ('3535PL', 'MORINI', 'REBELLO 1100', 'GRIS', NULL),
                                                                      ('3939TTT', 'OPEL', NULL, 'ROJA', 'MOTO'),
                                                                      ('4040TTT', 'NISSAN', NULL, NULL, 'MOTO'),
                                                                      ('4545HJG', 'peugeot', 'belville', 'AZUL', 'MOTO'),
                                                                      ('5566PPP', 'KAWASAKI', 'VERSYS X 300', 'ROSA', 'MOTO'),
                                                                      ('6565BNM', 'HONDA', 'CIVIC', 'MARRON', NULL),
                                                                      ('6767WPO', 'toyota', 'lexus', NULL, NULL),
                                                                      ('7453JJJ', 'DACIA', 'SANDERO 1.9 SPORT', 'NEGRO', 'COCHE'),
                                                                      ('7878RT', 'SUZUKI', 'VALENO 2.1', NULL, NULL),
                                                                      ('7878VNV', 'VESPA', 'ELECTRICA', 'ROJO', 'MOTO'),
                                                                      ('8762LOO', 'ducati', '1100 diesel', 'ROJA', 'MOTO'),
                                                                      ('8787BVD', 'KAWASAKI', NULL, 'NEGRA', 'MOTO'),
                                                                      ('8787WQP', 'DACIA', 'LOGAN 2.0 BERLINA', 'MARRON', 'COCHE'),
                                                                      ('8888KLO', 'Royal Enfield', 'CLASSIC 350', NULL, 'MOTO'),
                                                                      ('9898SST', 'FORD', 'ESCORT', 'AMARILLO', 'COCHE'),
                                                                      ('9933MNH', 'Mitsubishi ', 'ASK', 'VERDE', 'COCHE'),
                                                                      ('AL7878ER', 'BMW', 'C400', NULL, 'MOTO'),
                                                                      ('B3434TR', 'RENAULT', '5', 'ROJO', 'COCHE'),
                                                                      ('BU7861', 'AUDI', 'A3', 'BLANCO', 'COCHE'),
                                                                      ('CO5656D', 'Mitsubishi ', '1.O DIESEL', 'GRANATE', 'COCHE'),
                                                                      ('M0202RR', 'RENAULT', '1.6 MEGANE', 'NEGRO', 'COCHE'),
                                                                      ('M1026BB', 'AUDI', 'A4', 'AZUL', 'COCHE'),
                                                                      ('M3967RT', 'NISSAN', '', NULL, 'COCHE'),
                                                                      ('M4243OP', 'PIAGGIO', 'BEBERLY 300', NULL, NULL),
                                                                      ('M9898E', 'RIEJU', 'CENTURY 125', 'NEGRA Y BLANCA', 'MOTO'),
                                                                      ('O462129', 'DUCATI', '1128', 'NEGRO', 'MOTO'),
                                                                      ('P34576W', 'SUZUKI', 'IGNIS', 'AZUL', NULL),
                                                                      ('S7878TH', 'HONDA', 'CRV 2.O', 'ROSA', 'COCHE'),
                                                                      ('T8786SV', 'CITROEN', 'C5 SPORT', NULL, 'COCHE'),
                                                                      ('T8989SR', 'HONDA', 'CBR 50 CC', 'VERDE Y NEGRA', 'MOTO'),
                                                                      ('TO33333', 'SEAT', 'IBIZA', 'BLANCO', 'COCHE'),
                                                                      ('V9374DT', 'Keeway', 'RFK 125', NULL, 'MOTO');

-- Datos de ejemplo para la tabla MOTO
INSERT INTO MOTO (placa_vehiculo, cilindrada) VALUES
                                                  ('0204KKK', 500),
                                                  ('2653JSP', 125),
                                                  ('3245MB', 125),
                                                  ('3939TTT', 350),
                                                  ('4545HJG', 650),
                                                  ('5566PPP', 300),
                                                  ('7878VNV', 130),
                                                  ('8762LOO', 950),
                                                  ('8787BVD', 900),
                                                  ('8888KLO', 350),
                                                  ('AL7878ER', 400),
                                                  ('M9898E', 125),
                                                  ('O462129', 450),
                                                  ('T8989SR', 50),
                                                  ('V9374DT', 125);

-- Datos de ejemplo para la tabla COCHE
INSERT INTO COCHE (placa_vehiculo, capacidad_carga, tipo_combustible) VALUES
                                                                          ('1010YYY', 3000, 'GASOLINA'),
                                                                          ('1111HDS', 3590, 'DIESEL'),
                                                                          ('2456ROR', 4500, 'GASOLINA'),
                                                                          ('2626ERT', 3450, 'ELECTRICO'),
                                                                          ('2738WSS', 2500, 'DIESEL'),
                                                                          ('2929SST', 2000, 'GASOLINA'),
                                                                          ('3300BV', 2450, 'GASOLINA'),
                                                                          ('7453JJJ', 4505, 'DIESEL'),
                                                                          ('8787WQP', 3620, 'GASOLINA'),
                                                                          ('9898SST', 2584, 'GASOLINA'),
                                                                          ('9933MNH', 3500, 'ELECTRICO'),
                                                                          ('B3434TR', 2500, 'ELECTRICO'),
                                                                          ('BU7861', 3570, 'DIESEL'),
                                                                          ('CO5656D', 1550, 'GASOLINA'),
                                                                          ('M0202RR', 3000, 'DIESEL'),
                                                                          ('M1026BB', 1600, 'GASOLINA'),
                                                                          ('M3967RT', 3000, 'DIESEL'),
                                                                          ('S7878TH', 2750, 'GASOLINA'),
                                                                          ('T8786SV', 3800, 'ELECTRICO'),
                                                                          ('TO33333', 1690, 'GASOLINA');

-- Datos de ejemplo para la tabla REPARTIDOR
INSERT INTO REPARTIDOR (DNI_REPARTIDOR, calificacion, horario_trabajo, estado_de_disponibilidad, cantidad_pedidos, placa_vehiculo) VALUES
                                                                                                                                       ('00785378Y', 7, '10:00 a 17:00', 'Disponible', 1, '0204KKK'),
                                                                                                                                       ('02837654B', 6, '9:30 a 16:00', 'Disponible', 3, '1010YYY'),
                                                                                                                                       ('04611222G', NULL, NULL, 'Disponible', NULL, NULL),
                                                                                                                                       ('10108711N', 6, '00:00 a 06:00', 'Disponible', 3, '2653JSP'),
                                                                                                                                       ('10765424Y', 7, '13:00 a 18:30', 'Disponible', 3, '2626ERT'),
                                                                                                                                       ('10987222H', NULL, NULL, 'Vacaciones', NULL, NULL),
                                                                                                                                       ('50984222T', 6, '15:00 a 21:00', '', NULL, '3245MB'),
                                                                                                                                       ('M0026541H', 8, '9:30 a 14:30', 'Disponible', 3, '4545HJG'),
                                                                                                                                       ('P2098654F', 6, '16:30 a 22:00', NULL, NULL, '2456ROR'),
                                                                                                                                       ('R2980277Q', 7, NULL, NULL, 2, '2738WSS');

-- Datos de ejemplo para la tabla CLIENTE
INSERT INTO CLIENTE (DNI_CLIENTE, direccion, ciudad, codigo_postal, cliente_pedido) VALUES
                                                                                        ('02837654B', 'Calle Sótano 2', 'Avila', '49080', 'M0026541H'),
                                                                                        ('03888034R', 'Calle Gran via,12', 'Madrid', '28000', '10108711N'),
                                                                                        ('04611222G', NULL, NULL, NULL, 'M0026541H'),
                                                                                        ('05089543J', NULL, NULL, '28187', 'P2098654F'),
                                                                                        ('08911735J', NULL, NULL, '28005', '50984222T'),
                                                                                        ('10765424Y', NULL, 'Asturias', NULL, '02837654B'),
                                                                                        ('10987222H', 'Calle Austria 34 Semisótano A', 'Ávila', NULL, '00785378Y'),
                                                                                        ('20878837Ñ', 'Calle Duran, 34 Local', 'Barcelona', NULL, 'P2098654F'),
                                                                                        ('30980002O', NULL, NULL, NULL, 'M0026541H'),
                                                                                        ('56890323O', NULL, 'Madrid', '28060', '10108711N'),
                                                                                        ('80976444A', 'C/Alcalá 122', 'Madrid', NULL, '10108711N'),
                                                                                        ('H0028700M', 'Calle Amparo 22', 'Barcelona', '45309', '50984222T'),
                                                                                        ('P2009776S', NULL, NULL, NULL, '10108711N'),
                                                                                        ('P2098654F', 'Calle Sant, 29 8º B', 'Barcelona', NULL, 'R2980277Q'),
                                                                                        ('S9202003B', 'Calle Cadiz, 27 Sótanlo', 'León', '29000', '02837654B'),
                                                                                        ('X2567980A', 'Calle Lopez de Hoyos 29', 'Madrid', '28045', 'P2098654F');

-- Datos de ejemplo para la tabla PROVEEDOR
INSERT INTO PROVEEDOR (id_proveedor, nombre_empresa, telefono, email) VALUES
                                                                          (100, 'Mahou', '917867263', 'mahou@gmail.com'),
                                                                          (101, 'Estrella Galicia', '648901783', 'estrellagalicia@gmail.com'),
                                                                          (102, 'Estrella Damm', NULL, 'estrelladamm@hotmail.com'),
                                                                          (103, 'Cruzcampo', '912093837', NULL),
                                                                          (105, 'Heineken', '674532344', 'heineken@gmail.com'),
                                                                          (106, 'Corona', NULL, 'corona@gmail.com'),
                                                                          (107, 'Budweiser', '987654324', NULL),
                                                                          (108, 'Anis', '980389786', 'anis@gmail.com'),
                                                                          (109, 'Licor 43', '620956432', NULL),
                                                                          (110, 'Cinzano', '687935122', 'cinzano@gmail.com'),
                                                                          (111, 'Tequila', NULL, 'tequila@gmail.com'),
                                                                          (112, 'Dom Pérignon', '645342311', 'domperignon@gmail.com'),
                                                                          (113, 'Carlsberg ', '654329000', 'carlsberg@gmail.com'),
                                                                          (114, 'Brandy Fundador', '554890897', 'emperador@hotmail.com'),
                                                                          (115, 'Guinness ', '689002665', 'ginness@gmail.com'),
                                                                          (116, 'Bacardi', NULL, 'bacardi@hotmail.com'),
                                                                          (117, 'Smirnoff', '672121212', 'smirnoff@gmail.com'),
                                                                          (118, 'Baileys', '678002765', 'baileys@gmail.com'),
                                                                          (119, 'Johnnie Walker', NULL, 'jonniewalker@gmail.com'),
                                                                          (120, 'Ballantines', '645339898', 'ballantines@gmail.com'),
                                                                          (121, ' Jack Daniels ', NULL, 'jackdaniels@gmial.com'),
                                                                          (122, 'Smirnoff ', '809565432', NULL),
                                                                          (123, 'Cacique', NULL, 'cacique@gmailcom');

-- Datos de ejemplo para la tabla PRODUCTO
INSERT INTO PRODUCTO (id_producto, nombre, descripcion, precio, id_proveedor_producto) VALUES
                                                                                           (10, 'Mahou clasica', 'De color dorado, aspecto brillante y cuerpo moderado, destaca por su sabor suave y buen equilibrio en boca. Su aroma es ligero afrutado, con tonos florales de lúpulo. Ingredientes agua, malta y lupulo', 2.3, 100),
                                                                                           (11, 'Estrella Galicia Especial', 'Cerveza de color dorado brillante que parte de una selección de maltas y lúpulo especialmente amargos . Alcohol 5,5%', 1.2, 101),
                                                                                           (12, 'Cerveza 5 estrellas ', 'Con un color dorado brillante, destaca por ser cremosa y consistente.  Alcohol: 5,5% vol.', 2, 100),
                                                                                           (13, 'Cerveza Negra', 'Una cerveza negra llena de sabor y carácter. Tiene entre entre 4 y 6 grados', 2.59, 101),
                                                                                           (14, 'Estrella Galica sin glutén', 'Color dorado brillante se obtiene a través de la aplicación de una enzima que rompe la cadena de algunas proteínas durante el proceso productivo, entre ellas, el gluten. Alcohol 5,5%', 0, 101),
                                                                                           (15, 'Whisky Blended Ballantine\'s 70 cl', 'Formato botella, 40% contenido de alcohol', 14.95, 120),
                                                                                           (16, 'Whisky escocés blended 10 a´ps bpteñña 70cl ', 'Es un whisky escocés de mezcla, de refinado sabor.Porcentaje de alcohol: 40% vol.', 20.95, 120),
                                                                                           (17, 'Ballantines blue de 12 años', 'Whisky escocés, de gran calidad, es una mezcla de whiskies de grano y malta especialmente seleccionados. Volumen: 70 cl. – 1L | Grado alcohólico: 40%', 25.1, 120),
                                                                                           (18, 'Ballantine\'s 10 Year Old', 'Es un whisky destilado que aúna la tradición de elaboración y envejecimiento escocesas con el universo del roble americano. Alcohol 40% vol.', 21, 120),
                                                                                           (19, 'Licor 43 Original', 'Bebida alcohólica obtenida del destilado.Graduación alcohólica del tequila entre 35 a 55% Alc', 13, 109),
                                                                                           (20, 'Mar de Frades - Licor de Hierbas - 700 ml', 'Sabor a Tomillo, te y Manzanilla. ', 17, NULL),
                                                                                           (21, 'Licor De Hierbas Xantiamen - 1 botella de 70 cl', '', 20, NULL),
                                                                                           (22, 'Cinzano Blanco', 'Graduación alcoholica 15% bol', 8.49, 110),
                                                                                           (23, 'Cinzano Rojo', 'Graduación alcoholica 16% vol', 8.49, 110),
                                                                                           (24, 'Cinzano Rosso', 'Origen de italia. Graduación alcoholica 15% vol', 6.63, 110),
                                                                                           (25, 'Tequila Volcan Cristalino', 'Elaborado mezclando añejo y extra-añejo. Graduación alcoholica 40€ vol', 71, 111),
                                                                                           (26, 'Champagne Dom Perignon Lady Gaga Brut 2010', 'Champagne Dom Perignon Lady Gaga es una edición especial de la histórica marca Dom Perignon que rinde homenaje a la creatividad y el arte. Graduacion alcoholica 12.4%', 362, 112),
                                                                                           (27, 'Licor de tequila', 'Alcohol y aroma. ', 14, 111),
                                                                                           (28, 'Bacardi Ron Gran Reserva ', 'Bacardí 8 años es el ron oscuro más exclusivo, puesto que se ha envejecido en barriles de roble . Graduación alcoholica 40% vol', 27, 116),
                                                                                           (29, 'BACARDI RESERVA LIMITADA EDICION NUEVA 1,00 LITRO ', 'Ron. Grados 40%', 63.68, 116),
                                                                                           (30, 'Smirnoff Ice Original', 'Vodka. Graduación alcoholica 40%', 10.95, 122),
                                                                                           (31, 'Smirnoff Vodka Triple Destilado - 0.7 L.', 'Original. Graduación alcoholica 5% vol. Color amarillo suave', 17.91, 122),
                                                                                           (32, 'Cerveza Damm Daura sin gluten', 'Daura como el sabor de "la cerveza de siempre", ya que se elabora con su principal ingrediente: malta de cebada. Ccontenido alcoholico 5,4%', 3.5, 102),
                                                                                           (33, 'CHAMPAGNE DOM PÉRIGNON VINTAGE 2013 - EN ESTUCHE', 'Sabor vino espumoso. Graduacion alcoholica 12.5% vol', 244, 112),
                                                                                           (34, 'STELLA ARTOIS', 'peculiar carácter y su inconfundible sabor. Graduación 5% vol', 1.27, 113),
                                                                                           (35, 'Fundador Triple Madera', 'Brandy Solera Gran Reserva. ', 0, 113),
                                                                                           (36, 'Fundador Sherry Cask Solera Brandy', 'Estilo único que no deja indiferente a nadie.', 15, 114),
                                                                                           (37, 'Johnnie Walker Blue Label Whisky ', 'Exclusivo whisky escocés elaborado con algunos de los whiskies más excepcionales y singulares de Escocia.. Graduación alcoholica 40%', 230, 119),
                                                                                           (38, 'John Walker & Sons Odyssey', 'John Walker & Sons Odyssey es una celebración de los viajes épicos que emprendieron whiskies Johnnie Walker en los primeros años del siglo 20, mientras viajaban por el océano a todos los rincones del ', 1426.8, 116),
                                                                                           (39, 'Baileys Chocolat Luxe Cremas', '', 18.99, 118),
                                                                                           (40, 'Baileys Strawberries & Cream Cremas ', '', 21, 118),
                                                                                           (41, 'Ron 70 Cl Cacique 500 ', 'Con un color marrón oscuro y denotaciones doradas, presenta un aspecto viscoso. Su aroma suave y dulce. Graduación alcoholica 40% vol ', 28.4, 123),
                                                                                           (42, 'Cacique Añejo', 'Grado alcohólico: 37.5%|Tipo: Melaza', 0, NULL),
                                                                                           (43, 'Cerveza Corona', 'Grado alcohólico: 4.6%|Tipo: Pale Lager|', 1.46, 106),
                                                                                           (44, 'Puerto de Indias Exótica Mora Blackberry', 'Grado alcohólico: 37.5%|Tipo: Premium. Variedad mora', 15.61, NULL),
                                                                                           (45, 'Puerto de Indias Strawberry The Proud Bottle', '', 15.4, NULL),
                                                                                           (46, 'Cerveza Heineken 500 ml (24 ud)', 'Opciones de compra', 1.5, 105),
                                                                                           (47, 'Anís Del Mono Dulce', 'Aromas de anís. ', 7.9, 108),
                                                                                           (48, 'Anis Castellana', '', 10, 108),
                                                                                           (49, 'LICOR 43 OROCHATA 1,00 LITRO', 'Graduación alcoholica 16%', 14.33, 109),
                                                                                           (50, 'Jack Daniels Tennessee Whisky', 'Botella de 70 cl. Graduación alcohólica  40% vol', 22.5, 121),
                                                                                           (51, 'Jack Daniels Tennessee Apple Whisky ', 'Graduación alcohólica 85% vol', 22.4, 121);

-- Datos de ejemplo para la tabla PEDIDO_CLIENTE
INSERT INTO PEDIDO_CLIENTE (id_pedido_cliente, cantidad, fecha_pedido, peso, estado, dni_cliente_pedido, dni_repartidor_pedido, id_producto) VALUES
                                                                                                                                                 (300, 10, '2023-04-09', 4, 'No Entregado', '04611222G','00785378Y', 29),
                                                                                                                                                 (301, 12, NULL, 2, 'Entregado', NULL, '10987222H', NULL),
                                                                                                                                                 (303, 6, '2023-05-07', 3, 'Entregado', '10987222H','10987222H', 43),
                                                                                                                                                 (304, 3, '2023-05-07', 2, 'Entregado', 'P2098654F', '04611222G', 32),
                                                                                                                                                 (305, 5, NULL, 3, 'No Entregado', '02837654B', 'P2098654F', 18),
                                                                                                                                                 (306, 6, NULL, 2, 'Entregado', NULL,'P2098654F', NULL),
                                                                                                                                                 (307, 9, '2023-05-07', 2, 'Entregado', '10765424Y', '10987222H', 37),
                                                                                                                                                 (308, 23, NULL, 1, 'Entregado', NULL,'P2098654F', NULL),
                                                                                                                                                 (309, 8, NULL, 2, 'No Entregado', '05089543J','04611222G', 11),
                                                                                                                                                 (310, 7, '2023-05-07', 2, 'Entregado', '20878837Ñ','04611222G', 20),
                                                                                                                                                 (311, 6, NULL, 6, 'Entregado', NULL,'04611222G', NULL),
                                                                                                                                                 (312, 3, '2023-05-07', 1, 'Entregado', 'P2098654F','P2098654F', 19),
                                                                                                                                                 (313, 7, NULL, 1, 'No Entregado', '03888034R','04611222G', 12),
                                                                                                                                                 (314, 3, '2023-05-07', 3, 'Entregado', 'P2098654F','04611222G', 50),
                                                                                                                                                 (315, 2, NULL, 1, 'Entregado', NULL, '04611222G', NULL),
                                                                                                                                                 (316, 7, '2023-04-30', 2, 'Entregado', '56890323O','10987222H', 48),
                                                                                                                                                 (317, 6, NULL, 1, 'No Entregado', '10765424Y', '04611222G', 51),
                                                                                                                                                 (318, 4, '2023-02-24', 2, 'Entregado', 'P2098654F','P2098654F', 35),
                                                                                                                                                 (319, 3, NULL, 1, 'Entregado', NULL, '04611222G', NULL),
                                                                                                                                                 (320, 8, '2023-05-07', 2, 'Entregado', 'X2567980A', 'P2098654F', 39);

-- Datos de ejemplo para la tabla PEDIDO_PROVEEDOR
INSERT INTO PEDIDO_PROVEEDOR (id_pedido_proveedor, cantidad, fecha_pedido, estado, id_proveedor_pedido, dni_admin_pedido) VALUES
                                                                                                                              (500, 100, '2023-12-08','Entregado', 121, '19007843L'),
                                                                                                                              (501, 80, '2023-05-07','Entregado', 103, '19007843L'),
                                                                                                                              (502, 50, '2023-05-07', 'Entregado', 101, '20878837Ñ'),
                                                                                                                              (503, 2, NULL, NULL, 108, '20878837Ñ'),
                                                                                                                              (504, 74, '2023-05-07','No Entregado', NULL, NULL),
                                                                                                                              (505, 29, NULL, NULL, NULL, NULL),
                                                                                                                              (506, 11, '2023-04-22','Entregado', NULL, NULL),
                                                                                                                              (507, 20, '2023-05-07','Entregado', 101, 'H0028700M'),
                                                                                                                              (508, 57, NULL, NULL, 115, 'H0028700M'),
                                                                                                                              (509, NULL, '2023-05-07', 'No Entregado', NULL, NULL),
                                                                                                                              (510, 15, NULL, NULL, 116, '20980002K'),
                                                                                                                              (511, NULL, '2023-03-27','Entregado', 102, '20980002K'),
                                                                                                                              (512, 27, '2023-05-07', 'Entregado', 122, 'H0028700M'),
                                                                                                                              (513, NULL, NULL, NULL, NULL, NULL),
                                                                                                                              (514, 36, '2023-03-30', 'No Entregado', 100, 'R9765432P'),
                                                                                                                              (515, 49, NULL, NULL, 112, 'R9765432P'),
                                                                                                                              (516, 102, '2023-01-04','No Entregado', 123, 'S9202003B'),
                                                                                                                              (517, NULL, NULL, NULL, 102, 'X2567980A'),
                                                                                                                              (518, NULL, '2023-05-01','Entregado', NULL, NULL),
                                                                                                                              (519, NULL, NULL, NULL, 111, 'X2567980A'),
                                                                                                                              (520, NULL, '2023-05-07','Entregado', 115, 'R9765432P');

-- Datos de ejemplo para la tabla STOCK
INSERT INTO STOCK (id_stock, cantidad, fecha_ingreso, id_producto, DNI_ADMIN) VALUES
                                                                                  (1, 50, '2023-05-01', 48, '19007843L'),
                                                                                  (2, 100, '2023-02-28', 47, '19007843L'),
                                                                                  (3, 20, '2023-02-28', 29, '19007843L'),
                                                                                  (4, 15, '2023-05-01', 18, '19007843L'),
                                                                                  (5, 100, '2023-01-20', 42, '20878837Ñ'),
                                                                                  (6, 120, '2023-05-07', 36, '20878837Ñ'),
                                                                                  (7, 95, '2023-05-07', 13, '20878837Ñ'),
                                                                                  (8, 90, '2023-03-17', 26, '20878837Ñ'),
                                                                                  (9, 70, '2023-04-28', 28, '20980002K'),
                                                                                  (10, 120, '2023-05-07', 26, '20980002K'),
                                                                                  (11, 0, NULL, NULL, NULL),
                                                                                  (12, 0, NULL, NULL, NULL),
                                                                                  (13, 0, NULL, NULL, NULL),
                                                                                  (14, 0, '2023-05-07', NULL, NULL),
                                                                                  (15, 9, '2023-05-07', 51, '20980002K'),
                                                                                  (16, 380, '2023-05-07', 37, '20980002K'),
                                                                                  (17, 76, '2023-03-21', 43, '89032776Q'),
                                                                                  (18, 900, '2023-01-29', 42, '89032776Q'),
                                                                                  (19, 10, '2023-05-07', 26, '89032776Q'),
                                                                                  (20, 67, '2023-05-07', 15, '89032776Q'),
                                                                                  (21, 122, '2023-05-07', 41, 'H0028700M'),
                                                                                  (22, 298, '2023-05-07', 26, 'R9765432P'),
                                                                                  (23, 0, '2023-02-06', NULL, NULL),
                                                                                  (24, 40, '2023-05-07', 32, 'S9202003B'),
                                                                                  (25, 54, '2023-05-03', 39, 'X2567980A'),
                                                                                  (26, NULL, NULL, NULL, NULL),
                                                                                  (27, NULL, NULL, NULL, NULL),
                                                                                  (28, 99, '2023-05-07', 33, 'H0028700M'),
                                                                                  (29, 67, '2023-05-07', 17, 'R9765432P'),
                                                                                  (30, 87, '2023-05-07', 11, 'S9202003B'),
                                                                                  (31, 643, '2023-03-29', 43, 'X2567980A'),
                                                                                  (32, 751, '2023-05-07', 10, 'R9765432P'),
                                                                                  (33, 78, '2023-05-07', 18, 'R9765432P'),
                                                                                  (34, 90, '2023-05-04', 40, 'S9202003B'),
                                                                                  (35, 1000, '2023-05-07', 13, 'X2567980A'),
                                                                                  (36, 10, '2023-05-07', 48, 'X2567980A'),
                                                                                  (37, 63, '2023-05-07', 26, '19007843L'),
                                                                                  (38, 150, '2023-01-30', 36, '19007843L'),
                                                                                  (39, NULL, NULL, NULL, NULL),
                                                                                  (40, 44, '2023-05-07', 16, 'H0028700M'),
                                                                                  (41, 100, '2023-05-07', 14, 'R9765432P'),
                                                                                  (42, 87, '2023-03-31', 14, '89032776Q'),
                                                                                  (43, 99, '2023-05-07', 12, 'R9765432P'),
                                                                                  (44, 287, '2023-05-07', 12, 'S9202003B'),
                                                                                  (45, 54, '2023-05-07', 19, 'H0028700M'),
                                                                                  (46, 64, '2023-05-07', 20, 'S9202003B'),
                                                                                  (47, 100, '2023-05-07', 19, 'S9202003B'),
                                                                                  (48, 67, NULL, 20, NULL),
                                                                                  (49, 85, NULL, 21, NULL),
                                                                                  (50, 200, NULL, 22, NULL),
                                                                                  (51, 265, '2023-05-07', 21, NULL),
                                                                                  (52, 55, '2023-05-07', 22, 'H0028700M'),
                                                                                  (53, 167, '2023-05-07', 23, 'X2567980A'),
                                                                                  (54, 542, '2023-05-07', 23, '20980002K'),
                                                                                  (55, 40, '2023-05-02', 24, 'S9202003B'),
                                                                                  (56, 8, '2023-05-07', 23, '20980002K'),
                                                                                  (57, 11, '2023-05-07', 24, '20980002K'),
                                                                                  (58, 46, '2023-05-07', 25, '89032776Q'),
                                                                                  (59, 9, '2023-03-09', 25, 'X2567980A'),
                                                                                  (60, 15, '2023-05-07', 27, 'X2567980A'),
                                                                                  (61, 7, '2023-05-07', 27, 'S9202003B'),
                                                                                  (62, 6, '2023-05-07', 30, '19007843L'),
                                                                                  (63, 34, '2023-05-07', 31, '20878837Ñ'),
                                                                                  (64, 8, '2023-05-07', 30, '89032776Q'),
                                                                                  (65, 3, '2023-04-04', 31, 'R9765432P'),
                                                                                  (66, 39, '2023-04-22', 34, 'H0028700M'),
                                                                                  (67, 67, '2023-05-07', 34, 'S9202003B'),
                                                                                  (68, 8, '2023-05-07', 36, 'X2567980A'),
                                                                                  (69, 15, '2023-05-07', 36, '19007843L'),
                                                                                  (70, 65, '2023-02-06', 44, 'R9765432P'),
                                                                                  (71, 34, '2023-05-07', 45, 'H0028700M'),
                                                                                  (72, 800, '2023-05-07', 46, 'R9765432P'),
                                                                                  (73, 764, '2023-05-07', 44, 'X2567980A'),
                                                                                  (74, 50, '2023-03-08', 45, '19007843L'),
                                                                                  (75, 1530, '2023-05-07', 46, 'H0028700M'),
                                                                                  (76, 84, '2023-05-07', 49, 'X2567980A'),
                                                                                  (77, 18, '2023-05-07', 49, '20980002K'),
                                                                                  (78, 15, '2023-05-07', 50, 'R9765432P'),
                                                                                  (79, 7, '2023-05-07', 50, 'S9202003B');